{"x":[3.0165289256198347,3.049586776859504,3.0826446280991737,3.115702479338843,3.1487603305785123,3.1818181818181817,3.2148760330578514,3.2479338842975207,3.28099173553719,3.3140495867768593,3.347107438016529,3.3801652892561984,3.4132231404958677,3.446280991735537,3.479338842975207,3.512396694214876,3.5454545454545454,3.578512396694215,3.6115702479338845,3.644628099173554,3.677685950413223,3.7107438016528924,3.7438016528925617,3.7768595041322315,3.809917355371901,3.8429752066115705,3.87603305785124,3.909090909090909,3.9421487603305785,3.975206611570248,4.008264462809917,4.041322314049587,4.074380165289256,4.107438016528926,4.140495867768595,4.1735537190082646,4.206611570247934,4.239669421487603,4.2727272727272725,4.305785123966942,4.338842975206612,4.37190082644628,4.404958677685951,4.43801652892562,4.471074380165289,4.5041322314049586,4.537190082644628,4.570247933884298,4.6033057851239665,4.636363636363637,4.669421487603306,4.702479338842975,4.735537190082645,4.768595041322314,4.801652892561983,4.8347107438016526,4.867768595041323,4.900826446280991,4.933884297520661,4.966942148760331,5,5.033057851239669,5.066115702479339,5.099173553719009,5.132231404958677,5.1652892561983474,5.198347107438016,5.231404958677686,5.264462809917355,5.297520661157025,5.330578512396695,5.363636363636363,5.3966942148760335,5.429752066115702,5.462809917355372,5.4958677685950414,5.528925619834711,5.56198347107438,5.595041322314049,5.62809917355372,5.661157024793388,5.694214876033058,5.727272727272727,5.760330578512397,5.793388429752066,5.8264462809917354,5.859504132231406,5.892561983471074,5.925619834710744,5.958677685950413,5.991735537190083,6.024793388429752,6.0578512396694215,6.090909090909091,6.12396694214876,6.15702479338843,6.190082644628099,6.223140495867769,6.256198347107437,6.289256198347108,6.322314049586777,6.355371900826446,6.388429752066116,6.421487603305785,6.454545454545455,6.4876033057851235,6.520661157024794,6.553719008264463,6.586776859504132,6.619834710743802,6.652892561983471,6.685950413223141,6.7190082644628095,6.75206611570248,6.785123966942148,6.818181818181818,6.851239669421488,6.884297520661157,6.917355371900827,6.950413223140496,6.983471074380166],"y":[0,0,0,0,0,0,0,0,0,0,0,0,0,0,0,0,0,0,0,0,0,0,0,0,0,0,0,0,0,2,1,2,9,5,6,4,13,9,25,30,18,37,68,57,96,102,114,116,183,196,204,231,241,269,353,323,342,305,240,201,211,181,169,127,91,136,70,75,46,18,31,11,3,7,10,5,0,2,4,2,0,0,0,0,0,0,0,0,0,0,0,0,0,0,0,0,0,0,0,0,0,0,0,0,0,0,0,0,0,0,0,0,0,0,0,0,0,0,0,0,0]}