{"x":[8.264462809917356e-2,0.24793388429752067,0.4132231404958678,0.578512396694215,0.743801652892562,0.9090909090909092,1.0743801652892562,1.2396694214876034,1.4049586776859504,1.5702479338842974,1.7355371900826446,1.9008264462809918,2.066115702479339,2.231404958677686,2.3966942148760335,2.5619834710743805,2.7272727272727275,2.8925619834710745,3.0578512396694215,3.223140495867769,3.388429752066116,3.553719008264463,3.7190082644628104,3.8842975206611574,4.049586776859504,4.214876033057852,4.380165289256198,4.545454545454546,4.710743801652893,4.87603305785124,5.041322314049587,5.206611570247934,5.371900826446281,5.537190082644629,5.702479338842975,5.867768595041323,6.033057851239669,6.198347107438017,6.363636363636364,6.528925619834711,6.694214876033058,6.859504132231406,7.024793388429752,7.1900826446281,7.355371900826447,7.520661157024794,7.685950413223141,7.851239669421488,8.016528925619834,8.181818181818182,8.347107438016529,8.512396694214875,8.677685950413222,8.84297520661157,9.008264462809917,9.173553719008265,9.338842975206612,9.504132231404958,9.669421487603305,9.834710743801653,10,10.165289256198347,10.330578512396693,10.49586776859504,10.661157024793388,10.826446280991735,10.991735537190083,11.157024793388429,11.322314049586776,11.487603305785123,11.652892561983471,11.818181818181818,11.983471074380164,12.148760330578511,12.314049586776859,12.479338842975206,12.644628099173554,12.809917355371901,12.975206611570247,13.140495867768594,13.305785123966942,13.47107438016529,13.636363636363637,13.801652892561982,13.96694214876033,14.132231404958677,14.297520661157025,14.462809917355372,14.62809917355372,14.793388429752065,14.958677685950413,15.12396694214876,15.289256198347108,15.454545454545455,15.6198347107438,15.785123966942148,15.950413223140496,16.115702479338843,16.280991735537192,16.446280991735538,16.611570247933887,16.776859504132233,16.94214876033058,17.107438016528928,17.272727272727273,17.438016528925623,17.60330578512397,17.768595041322314,17.933884297520663,18.09917355371901,18.264462809917358,18.429752066115704,18.595041322314053,18.7603305785124,18.925619834710744,19.090909090909093,19.25619834710744,19.42148760330579,19.586776859504134,19.75206611570248,19.91735537190083],"y":[0,0,0,0,0,0,0,0,0,0,0,0,0,0,0,0,0,0,0,0,0,0,0,0,0,0,0,0,0,0,0,0,0,0,0,0,0,0,0,0,0,0,0,0,0,0,0,0,11,4,19,22,30,75,92,126,134,98,127,197,226,288,203,173,195,190,161,217,202,195,176,195,150,180,139,105,107,95,115,110,68,80,76,57,37,36,33,25,11,36,26,34,13,10,14,12,18,16,5,5,3,8,4,1,2,3,1,1,0,0,6,0,0,0,0,0,0,2,0,0,0]}