{"x":[-5.950413223140496,-5.851239669421488,-5.75206611570248,-5.652892561983471,-5.553719008264463,-5.454545454545455,-5.355371900826446,-5.256198347107438,-5.1570247933884295,-5.0578512396694215,-4.958677685950413,-4.859504132231405,-4.760330578512397,-4.661157024793388,-4.56198347107438,-4.462809917355372,-4.363636363636363,-4.264462809917355,-4.1652892561983474,-4.066115702479339,-3.9669421487603307,-3.8677685950413223,-3.7685950413223144,-3.669421487603306,-3.5702479338842976,-3.4710743801652892,-3.371900826446281,-3.272727272727273,-3.1735537190082646,-3.074380165289256,-2.9752066115702482,-2.87603305785124,-2.7768595041322315,-2.677685950413223,-2.5785123966942147,-2.479338842975207,-2.3801652892561984,-2.28099173553719,-2.181818181818182,-2.0826446280991737,-1.983471074380165,-1.884297520661157,-1.7851239669421481,-1.6859504132231402,-1.5867768595041323,-1.4876033057851235,-1.3884297520661155,-1.2892561983471067,-1.1900826446280988,-1.0909090909090908,-0.991735537190082,-0.8925619834710741,-0.7933884297520652,-0.6942148760330573,-0.5950413223140494,-0.49586776859504056,-0.3966942148760326,-0.2975206611570247,-0.19834710743801587,-9.917355371900793e-2,0,9.917355371900882e-2,0.19834710743801676,0.2975206611570256,0.3966942148760335,0.49586776859504145,0.5950413223140503,0.6942148760330582,0.793388429752067,0.892561983471075,0.9917355371900829,1.0909090909090917,1.1900826446280997,1.2892561983471076,1.3884297520661164,1.4876033057851243,1.5867768595041323,1.685950413223141,1.785123966942149,1.8842975206611579,1.9834710743801658,2.0826446280991746,2.1818181818181817,2.2809917355371905,2.3801652892561993,2.4793388429752063,2.578512396694215,2.677685950413224,2.776859504132231,2.87603305785124,2.9752066115702487,3.0743801652892575,3.1735537190082646,3.2727272727272734,3.371900826446282,3.4710743801652892,3.570247933884298,3.669421487603307,3.768595041322314,3.8677685950413228,3.9669421487603316,4.066115702479339,4.1652892561983474,4.264462809917356,4.363636363636365,4.462809917355372,4.561983471074381,4.66115702479339,4.760330578512397,4.859504132231406,4.9586776859504145,5.0578512396694215,5.15702479338843,5.256198347107439,5.355371900826446,5.454545454545455,5.553719008264464,5.652892561983471,5.75206611570248,5.8512396694214885,5.950413223140496],"y":[26,12,9,22,16,20,34,18,47,56,63,44,54,67,95,85,86,87,165,124,171,176,220,233,240,265,270,358,384,480,445,495,493,579,696,730,799,768,797,956,939,936,1164,1269,1307,1481,1483,1455,1541,1695,1534,1739,1833,1727,2055,2034,2182,2178,1975,2011,2038,2076,2072,2006,2068,1982,2044,2139,2088,2195,1771,1958,1974,1780,1723,1627,1544,1535,1618,1400,1280,1216,1116,1356,1023,983,950,921,834,732,746,697,550,590,511,553,398,421,265,320,351,341,215,205,154,184,158,135,133,103,83,72,74,72,40,60,24,29,15,46,21]}