{"x":[3,3.05,3.0999999999999996,3.1499999999999995,3.1999999999999993,3.249999999999999,3.299999999999999,3.3499999999999988,3.3999999999999986,3.4499999999999984,3.4999999999999982,3.549999999999998,3.599999999999998,3.6499999999999977,3.6999999999999975,3.7499999999999973,3.799999999999997,3.849999999999997,3.899999999999997,3.9499999999999966,3.9999999999999964,4.049999999999996,4.099999999999996,4.149999999999996,4.199999999999996,4.249999999999996,4.299999999999995,4.349999999999995,4.399999999999995,4.449999999999995,4.499999999999995,4.5499999999999945,4.599999999999994,4.649999999999994,4.699999999999994,4.749999999999994,4.799999999999994,4.849999999999993,4.899999999999993,4.949999999999993,4.999999999999993,5.049999999999993,5.0999999999999925,5.149999999999992,5.199999999999992,5.249999999999992,5.299999999999992,5.349999999999992,5.3999999999999915,5.449999999999991,5.499999999999991,5.549999999999991,5.599999999999991,5.649999999999991,5.69999999999999,5.74999999999999,5.79999999999999,5.84999999999999,5.89999999999999,5.9499999999999895,5.999999999999989,6.049999999999989,6.099999999999989,6.149999999999989,6.199999999999989,6.2499999999999885,6.299999999999988,6.349999999999988,6.399999999999988,6.449999999999988,6.499999999999988,6.549999999999987,6.599999999999987,6.649999999999987,6.699999999999987,6.749999999999987,6.7999999999999865,6.849999999999986,6.899999999999986,6.949999999999986,6.999999999999986],"loglikelihood":[-159.40621882876707,-157.14658427153978,-154.94894971431242,-152.81331515708507,-150.73968059985776,-148.72804604263047,-146.77841148540307,-144.89077692817577,-143.06514237094842,-141.30150781372106,-139.59987325649377,-137.9602386992664,-136.3826041420391,-134.86696958481176,-133.41333502758442,-132.02170047035708,-130.69206591312974,-129.4244313559024,-128.21879679867504,-127.07516224144769,-125.99352768422038,-124.97389312699303,-124.01625856976571,-123.12062401253839,-122.28698945531103,-121.51535489808369,-120.80572034085631,-120.158085783629,-119.57245122640164,-119.04881666917427,-118.58718211194697,-118.18754755471959,-117.8499129974923,-117.5742784402649,-117.3606438830376,-117.20900932581023,-117.1193747685829,-117.09174021135556,-117.12610565412821,-117.22247109690086,-117.38083653967347,-117.60120198244616,-117.8835674252188,-118.22793286799147,-118.63429831076412,-119.10266375353675,-119.63302919630945,-120.22539463908204,-120.87976008185471,-121.59612552462738,-122.37449096739998,-123.21485641017267,-124.11722185294529,-125.08158729571792,-126.10795273849061,-127.19631818126324,-128.3466836240359,-129.5590490668085,-130.83341450958116,-132.16977995235382,-133.56814539512644,-135.02851083789912,-136.55087628067176,-138.13524172344435,-139.78160716621701,-141.48997260898966,-143.2603380517623,-145.09270349453496,-146.98706893730758,-148.9434343800802,-150.96179982285287,-153.04216526562553,-155.1845307083981,-157.3888961511708,-159.6552615939434,-161.98362703671606,-164.37399247948872,-166.82635792226137,-169.34072336503394,-171.91708880780664,-174.5554542505793]}